,City,Cloudiness,Country,Date,Humidity,Lat,Lng,Max Temp,Wind Speed
0,Evensk,0,RU,1570044889,53,61.92,159.24,27.89,9.13
1,Barrow,0,AR,1570044889,53,-38.31,-60.23,49.4,10.19
2,Luanda,75,AO,1570044889,83,-8.83,13.24,77.0,9.17
3,Carnarvon,0,ZA,1570044813,18,-30.97,22.13,59.43,8.16
4,Mar del Plata,92,AR,1570044809,22,-46.43,-67.52,53.72,10.47
5,Saskylakh,1,RU,1570044809,84,71.97,114.09,14.57,1.63
6,Yerbogachen,99,RU,1570044890,96,61.28,108.01,29.91,9.48
7,Byron Bay,0,AU,1570044890,100,-28.65,153.62,54.0,2.24
8,Busselton,76,AU,1570044891,69,-33.64,115.35,55.99,9.4
9,Victoria,75,BN,1570044891,88,5.28,115.24,77.0,2.24
10,Talnakh,75,RU,1570044805,94,69.49,88.39,33.8,6.71
11,Cockburn Town,40,TC,1570044829,70,21.46,-71.14,84.2,5.82
12,Bluff,0,AU,1570044792,76,-23.58,149.07,62.32,14.56
13,Kungurtug,0,RU,1570044837,70,50.6,97.53,20.47,1.39
14,Mataura,98,NZ,1570044891,92,-46.19,168.86,42.01,3.0
15,Bambous Virieux,40,MU,1570044892,83,-20.34,57.76,75.2,11.41
16,Butaritari,100,KI,1570044892,62,3.07,172.79,84.64,5.19
17,Mizan Teferi,85,ET,1570044892,95,6.99,35.58,61.1,4.09
18,Qaanaaq,50,GL,1570044764,77,77.48,-69.36,23.77,4.43
19,Kaitangata,100,NZ,1570044893,78,-46.28,169.85,43.0,5.99
20,Sao Joao da Barra,0,BR,1570044893,54,-21.64,-41.05,80.6,23.04
21,Punta Arenas,75,CL,1570044893,53,-53.16,-70.91,50.0,32.21
22,Hobart,90,AU,1570044893,71,-42.88,147.33,53.01,8.05
23,Rikitea,100,PF,1570044739,86,-23.12,-134.97,61.86,10.13
24,Albany,90,US,1570044752,82,42.65,-73.75,66.2,9.17
25,Thompson,20,CA,1570044576,39,55.74,-97.86,48.2,5.82
26,Vaini,69,IN,1570044563,91,15.34,74.49,75.98,1.05
27,Alice Springs,0,AU,1570044802,17,-23.7,133.88,64.4,5.82
28,Kruisfontein,100,ZA,1570044845,38,-34.0,24.73,65.6,5.44
29,Oussouye,20,SN,1570044894,74,12.49,-16.54,86.0,4.7
30,Yellowknife,75,CA,1570044894,66,62.45,-114.38,48.2,10.29
31,Mackay,40,CA,1570044838,61,53.65,-115.58,51.8,3.36
32,Kapaa,75,US,1570044895,74,22.08,-159.32,82.4,19.46
33,Port Elizabeth,1,US,1570044782,32,39.31,-74.98,95.0,16.11
34,Gushikawa,40,JP,1570044895,88,26.35,127.87,80.6,3.36
35,Cairns,75,AU,1570044895,83,-16.92,145.77,72.0,9.17
36,Bereda,0,ES,1570044895,87,43.27,-7.54,62.01,1.12
37,Esperance,90,AU,1570044823,93,-33.86,121.89,59.0,8.05
38,New Norfolk,90,AU,1570044896,71,-42.78,147.06,53.01,8.05
39,Matagami,0,NG,1570044896,88,9.67,8.4,69.8,10.29
40,Hithadhoo,100,MV,1570044831,81,-0.6,73.08,81.87,17.16
41,Ushuaia,75,AR,1570044896,75,-54.81,-68.31,46.4,26.4
42,Nome,40,US,1570044810,52,30.04,-94.42,93.2,8.05
43,Tasiilaq,90,GL,1570044764,69,65.61,-37.64,39.2,33.33
44,Ribeira Grande,20,PT,1570044774,60,38.52,-28.7,71.6,19.46
45,Northam,45,AU,1570044897,93,-31.65,116.67,48.2,3.6
46,Chokurdakh,99,RU,1570044814,94,70.62,147.9,25.73,14.25
47,Santo Andre,41,BR,1570044897,72,-0.91,-46.86,80.04,5.19
48,Castro,20,CL,1570044898,53,-42.48,-73.76,51.8,5.82
49,Maniwaki,33,CA,1570044640,58,46.38,-75.98,48.27,8.41
50,Hilo,90,US,1570044898,69,19.71,-155.08,82.4,5.82
51,Lebu,75,ET,1570044788,77,8.96,38.73,60.8,6.93
52,Kenai,90,US,1570044898,75,60.55,-151.26,46.0,4.7
53,Hofn,90,IS,1570044867,80,64.25,-15.21,39.2,3.36
54,Geraldton,90,CA,1570044519,74,49.72,-86.95,35.6,4.7
55,Aden,0,YE,1570044602,67,12.79,45.03,85.53,12.95
56,Awjilah,0,LY,1570044899,28,29.14,21.3,78.36,14.12
57,Marzuq,22,YE,1570044899,55,14.4,46.47,75.66,2.95
58,Dicabisagan,49,PH,1570044899,93,17.08,122.42,71.79,1.86
59,Nalut,0,LY,1570044850,18,31.86,10.98,79.75,11.23
60,Babaeski,0,TR,1570044899,74,41.43,27.09,67.42,8.32
61,Tura,100,RU,1570044825,98,64.27,100.22,32.95,5.39
62,Luderitz,0,NA,1570044566,91,-26.65,15.16,56.0,16.98
63,Bredasdorp,76,ZA,1570044846,82,-34.53,20.04,59.0,5.82
64,Bandarbeyla,25,SO,1570044854,77,9.49,50.81,76.24,4.65
65,Ashington,75,GB,1570044901,76,55.18,-1.57,52.0,6.93
66,Rodionovo-Nesvetayskaya,0,RU,1570044901,76,47.61,39.7,57.2,8.95
67,Cape Town,20,ZA,1570044711,87,-33.93,18.42,63.0,8.05
68,Stuttgart,20,DE,1570044901,87,48.78,9.18,51.01,4.7
69,Ojinaga,1,US,1570044901,43,29.56,-104.41,87.8,6.93
70,Nikolskoye,40,RU,1570044901,93,59.7,30.79,44.01,4.47
71,Kathu,0,ZA,1570044902,31,-27.7,23.05,59.0,7.45
72,Atuona,4,PF,1570044902,73,-9.8,-139.03,79.46,9.78
73,Beyneu,93,KZ,1570044902,42,45.32,55.19,59.35,17.98
74,Namatanai,88,PG,1570044616,81,-3.66,152.44,78.79,4.47
75,Sambava,100,MG,1570044902,94,-14.27,50.17,68.64,2.75
76,Antofagasta,90,CL,1570044903,77,-23.65,-70.4,59.0,16.11
77,Codrington,0,AU,1570044812,100,-28.95,153.24,48.99,8.05
78,Jamestown,0,AU,1570044903,91,-33.21,138.6,48.32,3.51
79,Nabire,27,ID,1570044903,95,-3.36,135.5,66.64,1.03
80,Kinsale,75,IE,1570044903,87,51.71,-8.52,46.4,5.82
81,Rovnoye,0,RU,1570044904,68,50.78,46.06,55.66,2.82
82,Eyl,56,SO,1570044904,92,7.98,49.82,72.58,4.07
83,Goderich,88,CA,1570044904,89,43.74,-81.71,60.01,13.0
84,Nurota,61,UZ,1570044904,32,40.56,65.69,53.6,6.93
85,Klaksvik,75,FO,1570044842,81,62.23,-6.59,44.6,3.36
86,Nizwa,87,OM,1570044776,47,22.93,57.53,78.92,1.28
87,Gazojak,48,TM,1570044905,35,41.19,61.4,52.1,10.13
88,Teeli,0,RU,1570044905,51,51.01,90.2,24.83,1.81
89,Xingcheng,0,CN,1570044905,76,40.62,120.71,62.49,8.75
90,Thai Nguyen,40,VN,1570044906,88,21.59,105.84,80.6,8.05
91,Rodrigues Alves,75,BR,1570044906,66,-7.74,-72.65,89.6,4.7
92,Jumla,76,NP,1570044906,94,29.28,82.18,47.4,1.21
93,Longyearbyen,75,NO,1570044790,92,78.22,15.63,32.0,9.17
94,Paita,0,PE,1570044906,290,-5.09,-81.11,62.6,13.87
95,Lagoa,0,PT,1570044836,53,37.14,-8.45,73.4,12.75
96,Tignere,94,CM,1570044907,94,7.37,12.65,65.62,0.72
97,Provideniya,75,RU,1570044907,86,64.42,-173.23,41.0,15.66
98,Cibitoke,32,BI,1570044907,80,-2.89,29.12,63.87,0.92
99,Umm Kaddadah,90,SD,1570044862,60,13.6,26.69,80.16,15.64
100,Avarua,100,CK,1570044786,64,-21.21,-159.78,75.2,9.17
101,Biltine,0,TD,1570044908,31,14.53,20.93,90.39,4.12
102,Waynesboro,20,US,1570044908,34,35.32,-87.76,97.0,10.29
103,Taoudenni,0,ML,1570044860,8,22.68,-3.98,94.09,7.23
104,Yar-Sale,100,RU,1570044773,93,66.83,70.83,46.34,14.12
105,San Jeronimo,90,PE,1570044908,76,-13.65,-73.37,53.6,11.41
106,Kwakoa,21,TZ,1570044909,67,-3.77,37.72,74.02,5.97
107,Puerto Ayora,20,EC,1570044783,57,-0.74,-90.35,78.8,20.8
108,Biak,7,ID,1570044835,96,-0.91,122.88,60.18,3.04
109,Dikson,2,RU,1570044912,77,73.51,80.55,26.04,19.77
110,Alofi,100,NU,1570044832,88,-19.06,-169.92,77.0,3.36
111,Kodiak,90,US,1570044793,83,39.95,-94.76,81.0,4.7
112,Verkh-Usugli,10,RU,1570044913,60,52.7,115.17,26.61,1.36
113,Poum,0,MK,1570044809,82,41.28,20.71,55.4,2.24
114,Iqaluit,75,CA,1570044791,75,63.75,-68.52,41.0,12.75
115,Moindou,20,NC,1570044913,76,-21.69,165.68,57.2,2.24
116,Iquique,40,CL,1570044913,63,-20.22,-70.14,64.4,17.22
117,Khatanga,0,RU,1570044777,83,71.98,102.47,20.4,7.96
118,Pangnirtung,75,CA,1570044814,80,66.15,-65.72,39.2,6.93
119,Port Hedland,0,AU,1570044793,73,-20.31,118.58,71.6,8.05
120,Torbay,90,CA,1570044546,86,47.66,-52.73,44.01,11.41
121,Spodnja Idrija,20,SI,1570044914,87,46.03,14.02,61.0,3.36
122,Pelym,100,RU,1570044914,93,61.01,62.0,47.08,7.72
123,Faanui,99,PF,1570044792,75,-16.48,-151.75,77.01,16.6
124,Naze,100,NG,1570044914,97,5.43,7.07,72.89,3.11
125,Baghdad,0,IQ,1570044727,27,33.3,44.38,89.6,2.24
126,Osoyoos,90,CA,1570044915,53,49.03,-119.47,54.0,12.75
127,West Wendover,1,US,1570044866,50,40.74,-114.07,51.8,6.93
128,Isangel,75,VU,1570044785,82,-19.55,169.27,68.0,18.41
129,Teguise,0,ES,1570044915,65,29.06,-13.56,78.8,11.41
130,Tuatapere,100,NZ,1570044831,92,-46.13,167.69,42.01,3.0
131,Chuy,100,UY,1570044824,88,-33.69,-53.46,54.76,23.89
132,Fortuna,20,US,1570044793,55,40.6,-124.16,64.99,4.7
133,Narsaq,75,GL,1570044916,30,60.91,-46.05,53.6,25.28
134,Qasigiannguit,75,GL,1570044916,29,68.82,-51.19,50.0,21.92
135,Balkanabat,0,TM,1570044811,44,39.51,54.36,67.78,2.37
136,Norman Wells,90,CA,1570044831,93,65.28,-126.83,44.6,2.98
137,Jalu,0,LY,1570044917,28,29.03,21.55,78.61,11.3
138,Samarai,100,PG,1570044822,92,-10.62,150.67,74.35,5.86
139,Tungor,48,RU,1570044917,62,53.39,142.95,40.8,26.33
140,Guerrero Negro,0,MX,1570044849,77,27.97,-114.04,66.48,10.47
141,Bima,0,ID,1570044917,96,-8.45,118.73,67.22,0.78
142,Kudahuvadhoo,100,MV,1570044918,79,2.67,72.89,81.87,14.36
143,Saldanha,16,PT,1570044826,48,41.42,-6.55,61.51,2.13
144,Maldonado,90,UY,1570044642,93,-34.91,-54.96,51.8,17.22
145,Leningradskiy,100,RU,1570044918,94,69.38,178.42,29.83,15.64
146,Rio Grande,90,BR,1570044912,83,-32.03,-52.1,69.8,6.93
147,Bilma,0,NE,1570044563,12,18.69,12.92,94.52,8.57
148,Komsomolskiy,100,RU,1570044587,77,67.55,63.78,42.5,24.27
149,Khromtau,10,KZ,1570044919,55,50.26,58.44,44.92,8.41
150,Shihezi,54,CN,1570044919,36,44.3,86.03,48.36,8.01
151,Veinticinco de Mayo,100,AR,1570044919,96,-27.38,-54.75,70.0,1.01
152,Maraa,73,BR,1570044919,47,-1.83,-65.37,93.52,2.17
153,Cabo San Lucas,20,MX,1570044747,58,22.89,-109.91,88.0,11.41
154,Aljezur,100,PT,1570044920,84,37.31,-8.8,68.0,1.01
155,Nigde,0,TR,1570044920,54,37.97,34.68,59.19,0.49
156,Santa Marta de Tormes,0,ES,1570044920,66,40.95,-5.63,66.0,1.12
157,Saint George,20,GR,1570044743,88,39.45,22.34,68.0,4.7
158,Saint Anthony,90,US,1570044645,60,43.97,-111.68,46.0,6.93
159,Husavik,86,CA,1570044579,74,50.56,-96.99,44.01,6.82
160,Kahului,40,US,1570044794,69,20.89,-156.47,82.4,11.41
161,Khandyga,89,RU,1570044921,75,62.65,135.58,22.8,2.86
162,Dingle,95,PH,1570044921,91,11.0,122.67,73.07,2.51
163,Moron,100,HT,1570044804,76,18.56,-74.26,82.12,4.09
164,Lazaro Cardenas,40,MX,1570044921,73,28.39,-105.62,84.0,5.35
165,Makakilo City,40,US,1570044922,78,21.35,-158.09,84.99,4.7
166,Kichera,75,RU,1570044922,68,55.93,110.1,24.85,1.23
167,Dunedin,100,NZ,1570044795,66,-45.87,170.5,46.0,17.0
168,Rawson,33,AR,1570044847,20,-43.3,-65.11,55.65,9.1
169,Mount Gambier,90,AU,1570044863,87,-37.83,140.78,53.6,10.29
170,Bathsheba,20,BB,1570044922,62,13.22,-59.52,87.8,17.22
171,Pointe Michel,20,DM,1570044923,66,15.25,-61.38,91.4,8.05
172,Road Town,1,VG,1570044573,66,18.42,-64.62,87.8,10.29
173,Hermanus,99,ZA,1570044770,93,-34.42,19.24,59.0,1.01
174,Pimenta Bueno,100,BR,1570044923,59,-11.68,-61.19,86.52,3.87
175,Salalah,75,OM,1570044825,83,17.01,54.1,80.6,3.36
176,Pulandian,0,CN,1570044923,100,39.4,121.96,62.6,6.71
177,Merano,75,IT,1570044924,71,46.67,11.16,59.0,12.75
178,Neepawa,75,CA,1570044924,71,50.23,-99.46,41.0,8.05
179,Spearfish,75,US,1570044924,93,44.49,-103.86,42.01,4.7
180,Yarmouth,90,CA,1570044808,87,43.84,-66.12,53.01,10.29
181,Ostersund,98,SE,1570044682,80,63.18,14.64,36.0,5.82
182,Mount Isa,0,AU,1570044808,23,-20.73,139.49,60.8,3.36
183,Wuwei,73,CN,1570044908,48,37.93,102.64,56.65,9.51
184,Sun Valley,1,US,1570044896,32,39.6,-119.78,60.01,11.41
185,Cidreira,100,BR,1570044816,87,-30.17,-50.22,65.29,10.96
186,Porangatu,50,BR,1570044925,29,-13.44,-49.14,92.49,6.51
187,Flinders,0,AU,1570044803,62,-34.58,150.85,57.99,8.05
188,Cha Grande,40,BR,1570044925,69,-8.24,-35.46,80.6,9.17
189,Souillac,0,FR,1570044796,87,45.6,-0.6,61.0,3.36
190,Kusa,100,RU,1570044926,74,55.34,59.45,45.84,12.33
191,Davila,20,PH,1570044926,94,18.47,120.58,75.2,2.24
192,Haines Junction,10,CA,1570044926,64,60.75,-137.51,39.55,4.09
193,Santa Cruz,0,BR,1570044699,59,-6.22,-36.02,76.24,14.12
194,Jerome,1,US,1570044926,11,34.75,-112.11,80.01,9.17
195,Puerto Leguizamo,100,CO,1570044927,56,-0.19,-74.78,86.75,3.78
196,Merzifon,0,TR,1570044927,45,40.87,35.46,64.0,1.12
197,Arraial do Cabo,0,BR,1570044927,69,-22.97,-42.02,80.6,25.28
198,Mansfield,0,GB,1570044636,81,53.14,-1.2,51.8,8.05
199,Zhigansk,63,RU,1570044768,92,66.77,123.37,20.19,5.23
200,Rapar,0,IN,1570044928,79,23.57,70.65,80.27,13.47
201,Aitape,38,PG,1570044928,89,-3.15,142.36,76.45,4.32
202,Half Moon Bay,1,US,1570044928,55,37.46,-122.43,73.99,4.7
203,Umm Lajj,0,SA,1570044928,78,25.02,37.27,83.04,9.42
204,Sakaiminato,75,JP,1570044928,61,35.55,133.23,77.0,2.24
205,Lamar,90,US,1570044929,71,38.09,-102.62,55.4,3.36
206,Zeya,0,RU,1570044929,66,53.74,127.27,25.14,5.82
207,Lakhnadon,0,IN,1570044929,93,22.6,79.61,68.91,4.54
208,Port Hardy,90,CA,1570044806,87,50.7,-127.42,51.8,13.87
209,Vanimo,98,PG,1570044929,76,-2.67,141.3,80.72,3.83
210,Vestmannaeyjar,100,IS,1570044789,75,63.44,-20.27,46.0,40.18
211,Quanzhou,58,CN,1570044930,94,24.9,118.59,78.8,4.47
212,Georgetown,40,GY,1570044930,74,6.8,-58.16,87.8,9.17
213,Antalaha,100,MG,1570044874,97,-14.9,50.28,64.86,3.42
214,Misawa,40,JP,1570044930,93,40.75,141.38,62.6,11.36
215,Caravelas,0,BR,1570044838,74,-17.73,-39.27,72.49,7.47
216,Tiksi,99,RU,1570044799,92,71.64,128.87,27.15,22.77
217,Beringovskiy,100,RU,1570044931,75,63.05,179.32,33.15,2.62
218,Ribas do Rio Pardo,100,BR,1570044931,82,-20.45,-53.76,72.8,5.44
219,Sorong,100,ID,1570044931,93,-0.86,131.25,73.32,1.72
220,Yamada,75,JP,1570044931,88,36.58,137.08,78.01,3.36
221,Mazagao,40,BR,1570044932,49,-0.12,-51.29,93.2,17.22
222,Zeliezovce,100,SK,1570044932,94,48.05,18.65,61.0,5.99
223,Tianpeng,0,CN,1570044932,50,28.88,112.34,71.29,1.63
224,Brownfield,90,US,1570044783,58,33.18,-102.27,84.2,12.75
225,Nanortalik,100,GL,1570044821,74,60.14,-45.24,42.78,2.42
226,Tobermory,46,CA,1570044932,71,45.25,-81.67,51.01,5.01
227,Yauya,87,PE,1570044933,68,-8.99,-77.29,48.36,4.25
228,Glendive,90,US,1570044933,95,47.11,-104.71,35.01,4.7
229,Hambantota,0,LK,1570044786,100,6.12,81.12,75.2,3.36
230,Warrnambool,16,AU,1570044933,77,-38.38,142.48,50.0,15.48
231,Semey,0,KZ,1570044933,54,50.41,80.25,34.66,6.73
232,Yumen,100,CN,1570044809,16,40.29,97.04,52.23,12.28
233,Gobabis,0,NA,1570044934,9,-22.45,18.97,60.85,11.32
234,Atherton,75,AU,1570044934,83,-17.27,145.48,72.0,9.17
235,Kirakira,100,SB,1570044934,87,-10.46,161.92,75.93,8.95
236,Sosnovo-Ozerskoye,0,RU,1570044934,73,52.53,111.54,26.61,2.82
237,Palmares do Sul,100,BR,1570044934,95,-30.26,-50.51,72.0,1.99
238,Gamba,35,CN,1570044935,75,28.28,88.52,34.19,4.09
239,Constitucion,40,MX,1570044840,43,23.99,-104.67,75.0,3.36
240,Wanning,75,AT,1570044935,87,48.64,13.53,55.4,10.29
241,Kulhudhuffushi,2,MV,1570044935,73,6.62,73.07,82.38,8.72
242,Mersing,98,MY,1570044935,88,2.43,103.84,73.77,1.01
243,Praia da Vitoria,40,PT,1570044864,78,38.73,-27.07,71.6,20.2
244,Ahipara,42,NZ,1570044936,94,-35.17,173.16,51.01,17.02
245,Westport,90,US,1570044716,78,41.14,-73.36,93.0,9.17
246,Bar-le-Duc,20,FR,1570044799,66,48.77,5.16,53.6,5.82
247,Seoul,90,KR,1570044912,94,37.57,126.98,68.0,9.17
248,East London,0,ZA,1570044891,77,-33.02,27.91,64.4,6.93
249,Nemuro,66,JP,1570044936,92,43.32,145.57,62.49,14.12
250,Aloleng,85,PH,1570044937,72,16.13,119.78,82.29,6.89
251,Plouzane,0,FR,1570044937,87,48.38,-4.62,53.6,5.82
252,Sur,62,OM,1570044817,54,22.57,59.53,85.08,12.82
253,Pasaje,90,EC,1570044937,73,-3.33,-79.81,89.6,4.7
254,Vardo,40,US,1570044937,36,39.62,-77.74,93.99,14.99
255,Karratha,0,AU,1570044850,26,-20.74,116.85,76.85,11.25
256,Dubovka,0,RU,1570044938,81,49.06,44.83,51.8,6.71
257,Severo-Kurilsk,100,RU,1570044938,93,50.68,156.12,48.18,14.34
258,Harnosand,75,SE,1570044938,69,62.63,17.94,39.99,11.41
259,Mecca,28,SA,1570044938,46,21.43,39.83,89.47,3.71
260,Sebeta,75,ET,1570044939,77,8.91,38.62,60.8,6.93
261,Santa Cruz del Sur,100,CU,1570044939,95,20.71,-78.0,75.01,2.86
262,Ancud,20,CL,1570044855,53,-41.87,-73.83,51.8,5.82
263,San Patricio,100,PY,1570044832,96,-26.98,-56.83,70.05,6.4
264,Sungaipenuh,91,ID,1570044849,95,-2.08,101.38,70.57,0.63
265,Sinegorye,38,RU,1570044939,81,62.09,150.53,12.01,1.68
266,Broome,40,GB,1570044837,71,52.47,1.45,51.01,6.93
267,Bethel,90,US,1570044814,100,60.79,-161.76,46.4,10.29
268,Bambanglipuro,100,ID,1570044797,90,-7.95,110.28,75.0,4.5
269,Sinnamary,21,GF,1570044820,77,5.38,-52.96,82.12,21.45
270,Mount Vernon,1,US,1570044940,30,38.73,-77.1,96.01,6.93
271,Pisco,0,PE,1570044784,30,-13.71,-76.2,71.6,10.29
272,Pacific Grove,1,US,1570044590,52,36.62,-121.92,75.0,10.29
273,Naron,0,ES,1570044941,87,43.52,-8.15,62.01,1.12
274,Plettenberg Bay,86,ZA,1570044593,42,-34.05,23.37,65.54,3.71
275,Upernavik,0,GL,1570044941,71,72.79,-56.15,37.05,11.48
276,Sampit,97,ID,1570044941,98,-2.54,112.95,72.87,0.63
277,Umm Bab,1,QA,1570044941,41,25.21,50.81,91.4,1.12
278,Miri,79,NG,1570044941,77,10.31,9.75,73.39,3.27
279,Cayenne,40,GF,1570044846,62,4.94,-52.33,89.6,16.11
280,Lasa,20,CY,1570044942,73,34.92,32.53,75.2,5.82
281,Alexandria,0,RO,1570044745,52,43.97,25.33,66.0,8.77
282,Port Alfred,100,ZA,1570044942,93,-33.59,26.89,61.0,1.01
283,Lompoc,1,US,1570044792,25,34.64,-120.46,77.0,6.93
284,Arlit,48,NE,1570044942,9,18.74,7.39,93.05,11.05
285,Hamilton,90,CA,1570044943,100,43.26,-79.87,59.0,13.87
286,Cascais,20,PT,1570044943,68,38.7,-9.42,66.2,13.87
287,Kavaratti,22,IN,1570044943,76,10.57,72.64,81.64,7.78
288,Grindavik,90,IS,1570044943,75,63.84,-22.43,44.6,29.97
289,Kavieng,100,PG,1570044819,77,-2.57,150.8,81.44,5.03
290,Porto Velho,40,BR,1570044944,74,-8.75,-63.87,78.8,8.05
291,Sheridan,20,US,1570044906,58,39.65,-105.03,63.0,4.7
292,Visby,40,SE,1570044944,93,57.64,18.3,39.99,3.36
293,Saryozek,0,KZ,1570044945,51,44.36,77.98,47.31,2.82
294,Luganville,90,VU,1570044945,88,-15.51,167.18,75.2,9.17
295,Cordoba,0,AR,1570044945,19,-27.78,-67.24,62.25,10.25
296,Calabazar de Sagua,75,CU,1570044945,74,22.65,-79.9,82.4,8.05
297,Los Llanos de Aridane,20,ES,1570044801,83,28.66,-17.92,75.2,11.41
298,Itanhem,9,BR,1570044946,71,-17.17,-40.33,69.7,4.34
299,Gondanglegi,64,ID,1570044946,96,-7.75,112.01,71.0,5.32
300,Ilulissat,75,GL,1570044782,29,69.22,-51.1,50.0,21.92
301,Molchanovo,93,RU,1570044946,77,57.58,83.76,40.47,8.99
302,Mahebourg,40,MU,1570044797,83,-20.41,57.7,75.2,11.41
303,Tilichiki,100,RU,1570044817,99,60.47,166.1,34.14,7.23
304,Cherskiy,19,RU,1570044807,86,68.75,161.3,19.97,15.19
305,Comodoro Rivadavia,40,AR,1570044947,40,-45.87,-67.48,53.6,10.29
306,Quang Ngai,97,VN,1570044947,97,15.12,108.8,68.77,2.1
307,Brae,67,GB,1570044833,87,60.4,-1.35,50.0,11.41
308,Moroni,20,GR,1570044948,88,35.09,24.92,73.99,6.93
309,Kupang,0,ID,1570044948,60,-10.16,123.6,75.2,6.93
310,Okha,48,RU,1570044948,62,53.59,142.95,40.8,26.33
311,Saint-Philippe,90,CA,1570044948,62,45.36,-73.48,55.4,12.75
312,Sioux Lookout,75,CA,1570044607,70,50.1,-91.92,42.8,5.82
313,Atambua,41,ID,1570044858,75,-9.11,124.89,76.36,4.09
314,Doha,1,QA,1570044766,41,25.29,51.53,91.4,1.12
315,Aykhal,90,RU,1570044870,92,65.95,111.51,23.0,4.47
316,Gravelbourg,100,CA,1570044949,92,49.88,-106.56,39.9,5.26
317,Emerald,90,AU,1570044949,77,-23.53,148.16,66.2,12.75
318,Beloha,100,MG,1570044949,78,-25.17,45.06,70.28,12.75
319,Sao Filipe,0,CV,1570044829,83,14.9,-24.5,78.61,18.05
320,Touros,20,BR,1570044865,51,-5.2,-35.46,84.2,11.41
321,Clyde River,75,CA,1570044825,93,70.47,-68.59,37.4,5.82
322,Big Rapids,90,US,1570044818,87,43.7,-85.48,59.0,13.87
323,Maragogi,0,BR,1570044950,85,-9.01,-35.22,72.26,5.7
324,Banepa,75,NP,1570044950,88,27.63,85.52,68.0,3.36
325,Aranda de Duero,91,ES,1570044951,72,41.67,-3.69,52.64,6.85
326,Nampula,75,MZ,1570044951,94,-15.12,39.26,73.4,5.82
327,Santa Marta,40,CO,1570044951,70,11.24,-74.21,87.8,11.41
328,Negombo,40,LK,1570044951,88,7.21,79.83,80.6,2.24
329,Hay River,75,CA,1570044951,38,60.82,-115.79,60.8,10.29
330,Walvis Bay,0,NA,1570044952,82,-22.95,14.51,63.0,4.7
331,Eydhafushi,100,MV,1570044952,72,5.1,73.07,82.2,4.47
332,Thai Binh,75,VN,1570044952,88,20.45,106.33,80.6,2.24
333,Inhambane,20,MZ,1570044781,77,-23.87,35.38,66.2,4.25
334,Kutum,47,SD,1570044952,40,14.2,24.66,79.23,11.14
335,Lannion,90,FR,1570044953,81,48.73,-3.46,55.0,6.85
336,Airai,0,TL,1570044821,58,-8.93,125.41,68.53,2.95
337,Bongandanga,100,CD,1570044953,92,1.51,21.07,71.2,1.05
338,Neuquen,0,AR,1570044912,33,-38.95,-68.06,57.2,6.93
339,Togur,62,RU,1570044953,81,58.36,82.83,39.5,10.87
340,Bonthe,100,SL,1570044870,87,7.53,-12.5,78.38,7.36
341,Oktyabrskoye,0,RU,1570044877,83,56.73,85.44,41.0,11.18
342,Lavrentiya,66,RU,1570044842,80,65.58,-170.99,38.24,13.6
343,Kropotkin,0,RU,1570044847,53,45.43,40.58,64.0,10.98
344,Noumea,20,NC,1570044954,76,-22.28,166.46,73.0,2.24
345,Aksarka,52,RU,1570044834,81,66.56,67.8,41.35,16.67
346,Ixtapa,40,MX,1570044866,58,20.71,-105.21,87.8,8.05
347,Lichuan,100,CN,1570044954,69,30.3,108.94,68.39,5.19
348,Faya,0,SA,1570044772,82,18.39,42.45,66.2,2.73
349,Solnechnyy,100,RU,1570044955,90,50.72,136.64,34.3,4.25
350,Adrar,0,DZ,1570044869,13,27.87,-0.29,95.0,6.93
351,Hoquiam,1,US,1570044955,66,46.98,-123.89,61.0,8.05
352,Aguazul,75,CO,1570044955,87,5.17,-72.55,72.71,1.45
353,Ballybofey,75,IE,1570044956,76,54.8,-7.78,51.8,2.24
354,Omsukchan,0,RU,1570044787,81,62.53,155.8,9.37,4.0
355,Shush,60,RU,1570044956,73,55.6,89.45,35.68,10.0
356,Haldwani,0,IN,1570044956,93,29.22,79.53,56.85,3.2
357,El Alto,75,BO,1570044956,66,-16.5,-68.19,50.0,12.75
358,Newport,75,GB,1570044641,66,51.59,-3.0,53.01,4.7
359,Huallanca,98,PE,1570044957,83,-9.9,-76.94,41.8,1.3
360,Hit,10,IQ,1570044841,18,33.64,42.83,87.85,11.27
361,Bilibino,100,RU,1570044957,94,68.06,166.44,11.26,5.48
362,Kakinada,89,IN,1570044957,89,16.93,82.22,76.33,4.59
363,Egvekinot,100,RU,1570044958,95,66.32,-179.17,29.1,2.82
364,Katsuura,75,JP,1570044802,78,33.93,134.5,78.8,28.86
365,Zabid,100,YE,1570044958,82,14.2,44.5,67.29,0.49
366,Mikhaylovka,0,RU,1570044958,75,52.96,103.29,29.26,3.74
367,Alekseyevsk,74,RU,1570044959,93,57.84,108.35,28.43,7.96
368,Tuktoyaktuk,90,CA,1570044959,93,69.44,-133.03,37.4,4.7
369,Lugovoy,100,RU,1570044959,90,59.72,65.88,48.75,11.74
370,Pakala,88,GM,1570044959,84,13.62,-15.52,78.27,6.26
371,Buritama,24,BR,1570044960,28,-21.07,-50.14,93.14,5.14
372,Huarmey,23,PE,1570044960,90,-10.07,-78.15,61.84,17.98
373,Verkhnetulomskiy,90,RU,1570044960,91,68.61,31.8,32.0,6.71
374,Mitsamiouli,0,KM,1570044961,80,-11.38,43.28,78.34,10.89
375,Yagodnoye,99,RU,1570044961,85,62.52,149.63,15.2,3.47
376,Tambongon,40,PH,1570044961,94,7.26,125.66,75.2,3.36
377,Umba,0,RU,1570044961,82,66.69,34.34,31.29,7.81
378,Maksatikha,100,RU,1570044961,93,57.8,35.88,42.97,5.86
379,Ucluelet,90,CA,1570044944,87,48.94,-125.55,55.0,3.36
380,Alvorada,90,BR,1570044962,94,-30.0,-51.08,73.0,5.82
381,Phan Thiet,0,VN,1570044855,93,10.93,108.1,72.01,2.86
382,Shiyan,9,CN,1570044962,69,32.65,110.78,61.82,1.25
383,Busayra,0,JO,1570044962,74,30.74,35.61,71.68,1.19
384,Staryy Nadym,100,RU,1570044963,94,65.61,72.68,47.31,15.99
385,Novosergiyevka,75,RU,1570044963,66,52.08,53.65,49.62,8.68
386,Knysna,100,ZA,1570044963,63,-34.04,23.05,62.6,5.82
387,Luena,85,AO,1570044963,40,-11.78,19.91,63.15,2.98
388,Marienburg,20,DE,1570044964,81,52.12,9.98,51.01,11.41
389,Sao Mateus,4,BR,1570044964,74,-18.72,-39.86,71.23,5.46
390,Kota Belud,75,MY,1570044964,94,6.35,116.43,71.6,5.82
391,Tobol,90,SE,1570044964,81,59.83,12.54,42.8,8.05
392,Lamu,88,CN,1570044964,73,35.77,102.37,53.52,4.07
393,Buraydah,0,SA,1570044965,29,26.33,43.97,87.8,8.05
394,Manado,20,ID,1570044826,94,1.49,124.85,71.6,3.36
395,Petauke,89,ZM,1570044965,77,-14.25,31.33,68.37,5.28
396,Puerto Carreno,40,CO,1570044791,47,6.19,-67.49,95.0,4.36
397,Victor Harbor,75,AU,1570044965,82,-35.55,138.62,57.2,10.29
398,Burnie,0,AU,1570044568,86,-41.05,145.91,50.0,1.01
399,Kindu,0,CD,1570044966,94,-2.95,25.92,70.78,2.42
400,Ambon,0,FR,1570044785,71,47.55,-2.56,59.0,6.93
401,Kichmengskiy Gorodok,100,RU,1570044966,91,59.99,45.81,47.02,8.55
402,Zhovti Vody,0,UA,1570044966,67,48.35,33.5,57.2,8.95
403,Boralday,40,KZ,1570044967,86,43.36,76.86,41.0,2.24
404,Maniitsoq,100,GL,1570044835,58,65.42,-52.9,43.78,7.81
405,Chikhli,20,IN,1570044967,94,20.76,73.06,80.6,5.64
406,Bayangol,43,MN,1570044967,71,48.91,106.09,28.79,5.06
407,Rongcheng,0,CN,1570044967,22,37.16,122.42,72.0,3.0
408,Gutierrez,79,AR,1570044968,31,-39.11,-67.07,56.92,3.0
409,Barreiras,85,BR,1570044968,33,-12.14,-45.0,86.41,4.34
410,Turukhansk,100,RU,1570044853,96,65.8,87.96,37.88,6.42
411,Saint-Francois,0,FR,1570044968,81,46.42,3.91,52.0,3.36
412,Teya,75,MX,1570044804,59,21.05,-89.07,89.6,9.66
413,Auki,10,NG,1570044852,77,12.18,6.51,75.9,8.34
414,Pietermaritzburg,78,ZA,1570044969,85,-29.6,30.38,66.0,1.01
415,Portland,90,US,1570044524,77,43.66,-70.25,62.01,9.17
416,Dwarka,40,IN,1570044969,78,28.58,77.04,87.01,5.82
417,Atikokan,100,CA,1570044969,65,48.76,-91.62,45.37,4.88
418,Meulaboh,100,ID,1570044842,80,4.14,96.13,78.67,4.61
419,Sandpoint,1,US,1570044970,61,48.28,-116.55,53.01,4.7
420,Boshnyakovo,100,RU,1570044970,85,49.65,142.17,48.01,28.59
421,Jasper,1,US,1570044841,32,33.83,-87.28,100.0,4.7
422,Kisangani,75,CD,1570044970,74,0.52,25.21,80.6,6.93
423,Zhanakorgan,0,KZ,1570044970,37,43.91,67.25,52.93,9.06
424,Saint-Augustin,75,CA,1570044853,54,45.63,-73.98,55.4,3.36
425,Pevek,100,RU,1570044971,84,69.7,170.27,29.62,11.63
426,Oktyabrskiy,0,RU,1570044971,62,55.61,37.97,59.0,11.18
427,Asuncion,90,PY,1570044971,73,-25.3,-57.63,75.2,6.93
428,Tual,96,ID,1570044972,83,-5.67,132.75,79.37,12.86
429,Pudozh,100,RU,1570044972,93,61.81,36.54,41.62,6.22
430,Palembang,100,ID,1570044972,93,-2.99,104.76,73.92,2.95
431,Dedza,99,MW,1570044973,87,-14.38,34.33,63.58,10.49
432,Sumbe,72,AO,1570044780,88,-11.2,13.84,72.46,12.01
433,Vao,100,EE,1570044817,75,59.1,26.19,44.81,5.28
434,Amalapuram,100,IN,1570044973,89,16.58,82.0,77.97,3.8
435,Whitehorse,75,CA,1570044852,70,60.72,-135.06,46.4,17.22
436,Ponta do Sol,0,BR,1570044973,44,-20.63,-46.0,78.56,4.27
437,Mazamari,100,PE,1570044974,96,-11.33,-74.53,43.89,3.38
438,Hereford,20,GB,1570044974,89,52.06,-2.72,48.99,1.3
439,Ostrovnoy,97,RU,1570044840,73,68.05,39.51,34.39,20.64
440,Singkang,75,MY,1570044974,88,2.1,102.8,75.2,1.12
441,Kholm-Zhirkovskiy,99,RU,1570044974,97,55.52,33.47,53.32,4.94
442,Sitka,54,US,1570044691,38,37.17,-99.65,83.85,7.0
443,Puhja,100,EE,1570044975,81,58.34,26.31,46.4,2.84
444,Agadez,1,NE,1570044975,16,16.97,7.99,96.8,7.43
445,Nouadhibou,0,MR,1570044837,51,20.93,-17.03,80.6,9.17
446,Hornostayivka,0,UA,1570044975,74,47.01,33.73,58.42,10.07
447,Waingapu,25,ID,1570044976,94,-9.65,120.26,69.67,6.49
448,Avera,40,US,1570044976,39,33.19,-82.53,96.01,3.36
449,Havelock,1,US,1570044891,43,34.88,-76.9,91.4,6.93
450,Vila Velha,0,BR,1570044855,54,-3.71,-38.6,84.2,14.99
451,Pachino,0,IT,1570044976,83,36.72,15.09,71.6,2.24
452,Darhan,55,MN,1570044976,68,49.49,105.92,27.98,4.05
453,Antonovo,61,RU,1570044977,72,55.82,88.58,36.03,12.33
454,Palana,94,RU,1570044977,88,59.08,159.95,40.24,7.52
455,Cap Malheureux,40,MU,1570044977,83,-19.98,57.61,75.2,11.41
456,Camp Verde,1,US,1570044977,18,34.56,-111.85,80.01,10.29
457,Nerchinskiy Zavod,100,RU,1570044977,73,51.31,119.61,28.54,4.05
458,Jacareacanga,40,BR,1570044978,44,-6.22,-57.76,98.6,4.7
459,Sumter,1,US,1570044978,41,33.92,-80.34,97.0,6.93
460,Aklavik,75,CA,1570044978,86,68.22,-135.01,37.4,8.05
461,Samfya,98,ZM,1570044978,84,-11.37,29.56,65.06,11.01
462,Uribia,100,CO,1570044979,68,11.71,-72.27,85.56,10.31
463,Namibe,50,AO,1570044524,84,-15.19,12.15,66.44,14.34
464,Saint-Avold,0,FR,1570044979,81,49.1,6.71,51.01,6.93
465,Okhotsk,13,RU,1570044844,50,59.36,143.24,28.41,19.37
466,Yairipok,43,IN,1570044979,99,24.67,94.07,63.31,0.13
467,Saint-Michel-des-Saints,17,CA,1570044980,6,46.68,-73.92,48.99,9.66
468,Kankakee,90,US,1570044980,73,41.12,-87.86,78.01,5.82
469,Paine,20,CL,1570044980,38,-33.81,-70.74,62.6,8.05
470,Fairbanks,90,US,1570044645,86,64.84,-147.72,37.4,5.82
471,Sun Prairie,90,US,1570044981,82,43.18,-89.21,59.0,10.29
472,Atasu,0,KZ,1570044981,35,48.68,71.64,39.88,6.02
473,Saint-Joseph,0,FR,1570044981,72,43.56,6.97,71.01,4.7
474,Ferkessedougou,27,CI,1570044981,89,9.6,-5.2,74.91,4.43
475,Turinskaya Sloboda,100,RU,1570044981,82,57.62,64.39,48.64,10.22
476,Cuamba,23,MZ,1570044982,76,-14.8,36.54,72.71,10.58
477,Gambela,91,ET,1570044859,83,8.25,34.59,67.44,4.99
478,Stephenville,75,CA,1570044982,66,48.55,-58.59,48.99,9.17
479,Dubrajpur,0,IN,1570044982,86,23.79,87.38,75.59,4.45
480,Kalmunai,69,LK,1570044982,87,7.42,81.82,74.91,2.95
481,Pochutla,75,MX,1570044982,70,15.74,-96.47,89.6,3.36
482,Richards Bay,68,ZA,1570044536,72,-28.77,32.06,68.06,25.05
483,Durusu,0,TR,1570044983,37,37.53,40.83,80.6,6.93
484,Kilinochchi,0,LK,1570044983,78,9.4,80.4,81.75,13.02
485,Robertsport,100,LR,1570044983,86,6.75,-11.37,78.42,7.14
486,Ormstown,75,CA,1570044983,58,45.13,-73.99,55.4,10.29
487,Mzimba,5,MW,1570044984,79,-11.9,33.6,65.55,8.39
488,Kiama,0,AU,1570044984,62,-34.67,150.86,57.99,8.05
489,Coquimbo,0,CL,1570044873,45,-29.95,-71.34,62.6,16.11
490,Baraki Barak,0,AF,1570044984,69,33.97,68.95,43.68,2.82
491,Houma,67,CN,1570044984,55,35.63,111.36,67.42,7.83
492,The Valley,20,AI,1570044984,58,18.22,-63.06,89.6,8.05
493,Voi,5,KE,1570044985,82,-3.4,38.57,69.61,4.25
494,Ocos,75,GT,1570044985,79,14.51,-92.19,84.2,6.93
495,Malyye Derbety,0,RU,1570044985,72,47.95,44.68,56.65,3.76
496,Saint-Pierre,0,FR,1570044985,81,48.95,4.24,50.0,8.05
497,Padang,43,ID,1570044770,84,-0.92,100.36,77.86,14.5
498,Kanye,0,BW,1570044977,46,-24.98,25.34,58.92,15.52
499,Tiznit,0,MA,1570044986,71,29.7,-9.73,72.22,31.74
500,Male,66,UA,1570044986,52,50.74,33.7,56.85,12.66
501,Paamiut,100,GL,1570044986,58,61.99,-49.67,46.68,11.27
502,Winchendon,90,US,1570044986,93,42.69,-72.04,69.01,6.26
503,Kostino,0,BG,1570044987,52,41.7,25.3,69.8,2.24
504,Sayyan,3,YE,1570044987,75,15.17,44.32,68.79,2.17
505,Port Lavaca,1,US,1570044750,63,28.61,-96.63,93.99,18.34
506,Altay,0,CN,1570044987,39,47.83,88.13,29.62,9.17
507,Belmonte,67,PT,1570044987,76,40.36,-7.35,60.01,2.89
508,Pushkino,0,RU,1570044988,77,56.01,37.85,59.0,8.95
509,Da Lat,34,VN,1570044866,98,11.95,108.44,65.2,1.43
510,San Cristobal,81,HN,1570044828,51,14.68,-86.92,82.18,4.94
511,Lingyuan,3,CN,1570044988,81,41.24,119.4,53.61,12.59
512,Yaan,98,NG,1570044988,92,7.38,8.57,73.81,3.85
513,Port Lincoln,100,AU,1570044868,84,-34.72,135.86,56.78,7.16
514,Poya,100,NC,1570044989,72,-21.35,165.16,68.05,20.65
515,Zhaodong,20,CN,1570044989,76,46.07,125.99,53.6,15.66
516,Ayagoz,0,KZ,1570044989,38,47.96,80.43,32.55,11.77
517,Bosaso,2,SO,1570044989,73,11.28,49.18,85.47,6.64
518,Katsina,0,NG,1570044990,52,12.99,7.6,82.25,8.52
519,Torres,92,BR,1570044990,86,-29.34,-49.73,70.87,4.16
520,Morondava,0,MG,1570044990,77,-20.3,44.28,79.39,7.31
521,Alapur,0,IN,1570044991,81,27.96,79.23,74.92,4.47
522,Kapit,100,MY,1570044991,99,2.02,112.94,71.13,1.14
523,Erdotelek,75,HU,1570044991,77,47.68,20.32,64.4,9.17
524,Lashio,100,MM,1570044991,99,22.93,97.75,64.68,0.96
525,Mabaruma,100,GY,1570044991,82,8.2,-59.78,80.68,3.85
526,Condega,75,NI,1570044992,73,13.36,-86.4,77.0,4.79
527,Berck,20,FR,1570044992,81,50.41,1.57,48.0,1.12
528,Te Anau,89,NZ,1570044808,76,-45.41,167.72,38.24,1.23
529,Kysyl-Syr,78,RU,1570044840,91,63.9,122.77,22.44,4.74
530,Ayan,0,IR,1570044992,37,38.23,44.7,47.33,2.15
531,Rurrenabaque,75,BO,1570044993,94,-14.44,-67.53,91.4,4.7
532,Ko Samui,64,TH,1570044704,77,9.54,99.94,81.42,6.08
533,Santa Lucia,20,IT,1570044788,82,41.98,12.66,71.6,6.93
534,Karpogory,97,RU,1570044993,90,64.0,44.44,36.96,10.54
535,Talcahuano,20,CL,1570044993,62,-36.72,-73.12,55.4,13.87
536,Tigil,95,RU,1570044994,90,57.8,158.67,39.36,12.53
537,Presidencia Roque Saenz Pena,100,AR,1570044994,80,-26.79,-60.44,61.14,11.14
538,Casa Nova,19,BR,1570044994,26,-16.03,-44.16,84.52,5.95
539,Pilar,75,AR,1570044994,55,-34.46,-58.91,64.0,14.99
540,La Baneza,67,ES,1570044994,66,42.3,-5.9,64.0,2.24
541,Gat,75,SN,1570044848,83,14.69,-16.54,93.2,9.17
542,Mareeba,75,AU,1570044995,83,-16.99,145.42,72.0,9.17
543,Honiara,75,SB,1570044995,94,-9.43,159.96,73.4,5.82
544,Sistranda,75,NO,1570044822,76,63.73,8.83,50.0,11.41
545,Baykalsk,0,RU,1570044874,66,51.52,104.15,27.96,4.12
546,Axim,99,GH,1570044612,91,4.87,-2.24,76.09,6.22
547,Langsa,100,ID,1570044996,91,4.47,97.97,67.08,2.86
548,Casper,90,US,1570044757,81,42.87,-106.31,44.01,12.75
549,Parfenyevo,100,RU,1570044996,88,58.48,43.41,48.57,10.31
